Marca,
Apple,
Google,
Microsoft,
Amazon,
Facebook,
Coca-Cola,
Disney,
Samsung,
Louis,
McDonald’s,
Toyota,
Intel,
NIKE,
AT&T,
Cisco,
Oracle,
Verizon,
Visa,
Walmart,
GE,
Budweiser,
SAP,
Mercedes-Benz,
IBM,
Marlboro,
Netflix,
BMW,
American,
Honda,
L’Oréal,
Gucci,
Hermès,
Nescafe,
Home,
Accenture,
Pepsi,
Starbucks,
Mastercard,
Frito-Lay,
IKEA,
Zara,
Gillette,
HSBC,
Audi,
J.P.,
Deloitte,
Sony,
UPS,
Bank,
Chase,
Adidas,
Chanel,
Siemens,
Nestle,
CVS,
Cartier,
Porshe,
ESPN,
Citi,
Wells,
Adobe,
Pampers,
Corona,
T-Mobile,
Ebay,
Chevrolet,
PayPal,
Ford,
Red,
PwC,
HP,
Colgate,
Fox,
Lowe’s,
Lancôme,
H&M,
Lexus,
Santander,
Costco,
Rolex,
Hyundai,
Danone,
Heineken,
Uniqlo,
Goldman,
Hennessy,
Nintendo,
AXA,
Allianz,
Dell,
Caterpillar,
LEGO,
Huawei,
John,
UBS,
KC,
Burger,
EY,
FedEx,
Volkswagen